{
    "common": [
        {
            "module": "../Common/VstsAzureHelpers_",
            "type": "ps"
        },
        {
            "module": "../Common/VstsAzureRestHelpers_",
            "type": "ps"
        },
        {
            "module": "../Common/Deployment/TelemetryHelper",
            "type": "ps"
        },
        {
            "module": "../Common/TlsHelper_",
            "type": "ps"
        },
        {
            "module": "../Common/RemoteDeployer",
            "type": "ps"
        }
    ],
    "externals": {
        "archivePackages": [
            {
                "url": "https://vstsagenttools.blob.core.windows.net/tools/azcopy/7.3/AzCopy.zip",
                "dest": "./"
            }
        ],
        "nugetv2": [
            {
                "name": "VstsTaskSdk",
                "version": "0.10.0",
                "repository": "https://www.powershellgallery.com/api/v2/",
                "cp": [
                    {
                        "source": [
                            "*.dll",
                            "*.ps1",
                            "*.psd1",
                            "*.psm1",
                            "lib.json",
                            "Strings"
                        ],
                        "dest": "ps_modules/VstsTaskSdk/",
                        "options": "-R"
                    }
                ]
            }
        ]
    }
}
