{
	"common": [
    {
        "module": "../Common/utility-common-v2",
        "type": "node",
        "dest" : "./",
        "compile" : true
    }
],
	"rm": [
        {
            "items": [
                "node_modules/azure-pipelines-tasks-docker-common-v2/node_modules/azure-pipelines-task-lib",
                "node_modules/azure-pipelines-tasks-azure-arm-rest-v2/node_modules/vso-node-api",
                "node_modules/utility-common-v2/node_modules/azure-pipelines-task-lib"
            ],
            "options": "-Rf"
        }
    ]
}